Deleted Filename,Deleted Original Path,Deleted SHA-256,Kept Filename,Kept Final Path,Kept SHA-256,Duplicate Type,Verification Method,Reason
104_Artificial_Intelligence 2.pdf,104_Artificial_Intelligence 2.pdf,b88965b670897fbdffd77956f65e21835af97c02fd3623eb7db126bb0e9edde5,104_Artificial_Intelligence.pdf,Class 10/Artificial Intelligence/2023/Main Examination/Set 4/2023_Main_Artificial_Intelligence_QP104_Set4.pdf,b88965b670897fbdffd77956f65e21835af97c02fd3623eb7db126bb0e9edde5,EXACT_SHA256,SHA-256 byte-for-byte identical content,Exact byte duplicate of 104_Artificial_Intelligence.pdf
107_Electronics_Hardware 2.pdf,107_Electronics_Hardware 2.pdf,6dca19c1ac0e8c3ce003928d1cbcbe37fb0983f7a666c1c4593284262928ba8a,107_Electronics_Hardware.pdf,Class 10/Electronics and Hardware/2024/Main Examination/Set 4/2024_Main_Electronics_and_Hardware_QP107_Set4.pdf,6dca19c1ac0e8c3ce003928d1cbcbe37fb0983f7a666c1c4593284262928ba8a,EXACT_SHA256,SHA-256 byte-for-byte identical content,Exact byte duplicate of 107_Electronics_Hardware.pdf
28_English_Elective copy.pdf,28_English_Elective copy.pdf,75fb423a056b851da41b9d47b4ad35870cfb69257645978c506e775cdff94185,28_English_Elective 2.pdf,Class 12/English (Elective)/2024/Main Examination/Set 4/2024_Main_English_Elective_QP28-1_Set4.pdf,75fb423a056b851da41b9d47b4ad35870cfb69257645978c506e775cdff94185,EXACT_SHA256,SHA-256 byte-for-byte identical content,Exact byte duplicate of 28_English_Elective 2.pdf
343_Electrical Technology copy.pdf,343_Electrical Technology copy.pdf,a21169ca74e5ba1881b6bd23acd4ea8ca59ace6c0f6f4bc4d503045e50f5f053,343_Electrical Technology.pdf,Class 12/Electrical Technology/2022/Main Examination/Set 4/2022_Main_Electrical_Technology_QP343_Set4.pdf,a21169ca74e5ba1881b6bd23acd4ea8ca59ace6c0f6f4bc4d503045e50f5f053,EXACT_SHA256,SHA-256 byte-for-byte identical content,Exact byte duplicate of 343_Electrical Technology.pdf
344 Electronics Technology 2.pdf,344 Electronics Technology 2.pdf,b36e15bce2e549dcf4c866125a2d9697eafbfd928205f4bb77df94cef5f32ef8,344 Electronics Technology.pdf,Class 12/Electronics Technology/2022/Main Examination/Set 4/2022_Main_Electronics_Technology_QP344_Set4.pdf,b36e15bce2e549dcf4c866125a2d9697eafbfd928205f4bb77df94cef5f32ef8,EXACT_SHA256,SHA-256 byte-for-byte identical content,Exact byte duplicate of 344 Electronics Technology.pdf
344 Electronics Technology copy.pdf,344 Electronics Technology copy.pdf,b36e15bce2e549dcf4c866125a2d9697eafbfd928205f4bb77df94cef5f32ef8,344 Electronics Technology.pdf,Class 12/Electronics Technology/2022/Main Examination/Set 4/2022_Main_Electronics_Technology_QP344_Set4.pdf,b36e15bce2e549dcf4c866125a2d9697eafbfd928205f4bb77df94cef5f32ef8,EXACT_SHA256,SHA-256 byte-for-byte identical content,Exact byte duplicate of 344 Electronics Technology.pdf
367_Artificial Intelligence 2.pdf,367_Artificial Intelligence 2.pdf,04bbd5702a78eb6e1833dd0ed45ca67b8926f285b1b1c70aaf2ba0851cf22c3a,367_Artificial Intelligence.pdf,Class 12/Artificial Intelligence/2022/Main Examination/Set 4/2022_Main_Artificial_Intelligence_QP367_Set4.pdf,04bbd5702a78eb6e1833dd0ed45ca67b8926f285b1b1c70aaf2ba0851cf22c3a,EXACT_SHA256,SHA-256 byte-for-byte identical content,Exact byte duplicate of 367_Artificial Intelligence.pdf
368-S Data science copy.pdf,368-S Data science copy.pdf,054a5da65b505a99f53d5d65b388d9fbd96de6c068bd2ce3a8bd7bdf890c3213,368-S Data science.pdf,Class 12/Data Science/2024/Supplementary Examination/Set 4/2024_Supplementary_Data_Science_QP368_Set4.pdf,054a5da65b505a99f53d5d65b388d9fbd96de6c068bd2ce3a8bd7bdf890c3213,EXACT_SHA256,SHA-256 byte-for-byte identical content,Exact byte duplicate of 368-S Data science.pdf
368_Data _cience 2.pdf,368_Data _cience 2.pdf,d8e9d2ff9a9874724e6720df8efb3b65f5c8b0b0660fbd46a8e493f6b459c66e,368_Data _cience.pdf,Class 12/Data Science/2024/Main Examination/Set 4/2024_Main_Data_Science_QP368_Set4.pdf,d8e9d2ff9a9874724e6720df8efb3b65f5c8b0b0660fbd46a8e493f6b459c66e,EXACT_SHA256,SHA-256 byte-for-byte identical content,Exact byte duplicate of 368_Data _cience.pdf
53 Computer Applications 2.pdf,53 Computer Applications 2.pdf,18fb11dfd8e66127e48b97c4d228555366f426ab5b0d254b12301afbd311fb54,53 Computer Applications.pdf,Class 10/Computer Applications/2022/Compartment Examination/Set 4/2022_Compartment_Computer_Applications_QP53_Set4.pdf,18fb11dfd8e66127e48b97c4d228555366f426ab5b0d254b12301afbd311fb54,EXACT_SHA256,SHA-256 byte-for-byte identical content,Exact byte duplicate of 53 Computer Applications.pdf
53 Computer Applications copy.pdf,53 Computer Applications copy.pdf,18fb11dfd8e66127e48b97c4d228555366f426ab5b0d254b12301afbd311fb54,53 Computer Applications.pdf,Class 10/Computer Applications/2022/Compartment Examination/Set 4/2022_Compartment_Computer_Applications_QP53_Set4.pdf,18fb11dfd8e66127e48b97c4d228555366f426ab5b0d254b12301afbd311fb54,EXACT_SHA256,SHA-256 byte-for-byte identical content,Exact byte duplicate of 53 Computer Applications.pdf
89 Information Technology 3.pdf,89 Information Technology 3.pdf,5d70d6dde748bb3446448c473e600a4216386aa3bc6d76d6d1f526ea6f4278db,89 Information Technology 2.pdf,Class 10/Information Technology/2022/Compartment Examination/Set 4/2022_Compartment_Information_Technology_QP89_Set4.pdf,5d70d6dde748bb3446448c473e600a4216386aa3bc6d76d6d1f526ea6f4278db,EXACT_SHA256,SHA-256 byte-for-byte identical content,Exact byte duplicate of 89 Information Technology 2.pdf
91 computer science 2.pdf,91 computer science 2.pdf,ccbd3765a084c4b0dc97d5e261f8d3f981e17b0775b5ce15b629dcccf5d06644,91 computer science.pdf,Class 12/Computer Science/2022/Compartment Examination/Set 4/2022_Compartment_Computer_Science_QP91_Set4.pdf,ccbd3765a084c4b0dc97d5e261f8d3f981e17b0775b5ce15b629dcccf5d06644,EXACT_SHA256,SHA-256 byte-for-byte identical content,Exact byte duplicate of 91 computer science.pdf
91-S Computer Science 2.pdf,91-S Computer Science 2.pdf,6cd2b72f646965d4258e2057cd172648ad31c01e9d398b00e90081c4ea3545bc,91-S Computer Science.pdf,Class 12/Computer Science/2024/Supplementary Examination/Set 4/2024_Supplementary_Computer_Science_QP91_Set4.pdf,6cd2b72f646965d4258e2057cd172648ad31c01e9d398b00e90081c4ea3545bc,EXACT_SHA256,SHA-256 byte-for-byte identical content,Exact byte duplicate of 91-S Computer Science.pdf
91_Computer Science 2.pdf,91_Computer Science 2.pdf,d23992c58aa8097ae36787663a2cb667ad68a82411b7bdd39d418974ef233393,91_Computer Science.pdf,Class 12/Computer Science/2022/Main Examination/Set 4/2022_Main_Computer_Science_QP12_Set4.pdf,d23992c58aa8097ae36787663a2cb667ad68a82411b7bdd39d418974ef233393,EXACT_SHA256,SHA-256 byte-for-byte identical content,Exact byte duplicate of 91_Computer Science.pdf
91_Computer Science 3.pdf,91_Computer Science 3.pdf,d23992c58aa8097ae36787663a2cb667ad68a82411b7bdd39d418974ef233393,91_Computer Science.pdf,Class 12/Computer Science/2022/Main Examination/Set 4/2022_Main_Computer_Science_QP12_Set4.pdf,d23992c58aa8097ae36787663a2cb667ad68a82411b7bdd39d418974ef233393,EXACT_SHA256,SHA-256 byte-for-byte identical content,Exact byte duplicate of 91_Computer Science.pdf
91_Computer_Science 2 copy.pdf,91_Computer_Science 2 copy.pdf,fe8a67fd8ec7d9c8165aa6bedcf9348a2bbdb9ebf09bcf62106877353fc21664,91_Computer_Science 3.pdf,Class 12/Computer Science/2024/Main Examination/Set 4/2024_Main_Computer_Science_QP91_Set4.pdf,fe8a67fd8ec7d9c8165aa6bedcf9348a2bbdb9ebf09bcf62106877353fc21664,EXACT_SHA256,SHA-256 byte-for-byte identical content,Exact byte duplicate of 91_Computer_Science 3.pdf
91_Computer_Science copy.pdf,91_Computer_Science copy.pdf,fe8a67fd8ec7d9c8165aa6bedcf9348a2bbdb9ebf09bcf62106877353fc21664,91_Computer_Science 3.pdf,Class 12/Computer Science/2024/Main Examination/Set 4/2024_Main_Computer_Science_QP91_Set4.pdf,fe8a67fd8ec7d9c8165aa6bedcf9348a2bbdb9ebf09bcf62106877353fc21664,EXACT_SHA256,SHA-256 byte-for-byte identical content,Exact byte duplicate of 91_Computer_Science 3.pdf
Artificial_Intelligence 3.pdf,Artificial_Intelligence 3.pdf,1826228f600670e13bf3af8c324234662fdbc3dccd3c9977465093f1c2f415dd,Artificial_Intelligence.pdf,Class 10/Artificial Intelligence/2025/Supplementary Examination/Set 4/2025_Supplementary_Artificial_Intelligence_QP104_Set4.pdf,1826228f600670e13bf3af8c324234662fdbc3dccd3c9977465093f1c2f415dd,EXACT_SHA256,SHA-256 byte-for-byte identical content,Exact byte duplicate of Artificial_Intelligence.pdf
Computer_Science 2.pdf,Computer_Science 2.pdf,bb4fce39b07d2472f91d23df9fbf250c19aa19b09066430f8f2a3e6ed5c4821f,Computer_Science.pdf,Class 12/Computer Science/2023/Compartment Examination/Set 4/2023_Compartment_Computer_Science_QP91_Set4.pdf,bb4fce39b07d2472f91d23df9fbf250c19aa19b09066430f8f2a3e6ed5c4821f,EXACT_SHA256,SHA-256 byte-for-byte identical content,Exact byte duplicate of Computer_Science.pdf
Computer_Science 3.pdf,Computer_Science 3.pdf,bb4fce39b07d2472f91d23df9fbf250c19aa19b09066430f8f2a3e6ed5c4821f,Computer_Science.pdf,Class 12/Computer Science/2023/Compartment Examination/Set 4/2023_Compartment_Computer_Science_QP91_Set4.pdf,bb4fce39b07d2472f91d23df9fbf250c19aa19b09066430f8f2a3e6ed5c4821f,EXACT_SHA256,SHA-256 byte-for-byte identical content,Exact byte duplicate of Computer_Science.pdf
Computer_Science 6.pdf,Computer_Science 6.pdf,6762b4b34b412fa92817e4202e813d63440703b7aa5cddddb7e127a31678647a,Computer_Science 4.pdf,Class 12/Computer Science/2025/Supplementary Examination/Set 4/2025_Supplementary_Computer_Science_QP91_Set4.pdf,6762b4b34b412fa92817e4202e813d63440703b7aa5cddddb7e127a31678647a,EXACT_SHA256,SHA-256 byte-for-byte identical content,Exact byte duplicate of Computer_Science 4.pdf
Computer_Science 8.pdf,Computer_Science 8.pdf,83eb3461fe36d5d4d8d1870cbfd3f3af05b1f0a97efb70b7509dee3c826587d3,Computer_Science 5.pdf,Class 12/Computer Science/2026/Main Examination/Set 4/2026_Main_Computer_Science_QP91_Set4.pdf,83eb3461fe36d5d4d8d1870cbfd3f3af05b1f0a97efb70b7509dee3c826587d3,EXACT_SHA256,SHA-256 byte-for-byte identical content,Exact byte duplicate of Computer_Science 5.pdf
Computer_Science 9.pdf,Computer_Science 9.pdf,83eb3461fe36d5d4d8d1870cbfd3f3af05b1f0a97efb70b7509dee3c826587d3,Computer_Science 5.pdf,Class 12/Computer Science/2026/Main Examination/Set 4/2026_Main_Computer_Science_QP91_Set4.pdf,83eb3461fe36d5d4d8d1870cbfd3f3af05b1f0a97efb70b7509dee3c826587d3,EXACT_SHA256,SHA-256 byte-for-byte identical content,Exact byte duplicate of Computer_Science 5.pdf
ELECTRONICS_TECHNOLOGY 2.pdf,ELECTRONICS_TECHNOLOGY 2.pdf,ec8563b275316ca09cc8e69d4f5e38e2e894420971797941d480b66f1c408242,ELECTRONICS_TECHNOLOGY.pdf,Class 12/Electronics Technology/2023/Compartment Examination/Set 4/2023_Compartment_Electronics_Technology_QP344_Set4.pdf,ec8563b275316ca09cc8e69d4f5e38e2e894420971797941d480b66f1c408242,EXACT_SHA256,SHA-256 byte-for-byte identical content,Exact byte duplicate of ELECTRONICS_TECHNOLOGY.pdf
1-3-1_Eng_lish Core.pdf,ENGLISH_CORE 6/1-3-1_Eng_lish Core.pdf,c0cfac72bc436af35f806c53f124738568fe622bddb61bc615e3accf6ca00318,1-3-1_Eng_lish Core.pdf,Class 12/English (Core)/2026/Main Examination/Set 1/2026_Main_English_Core_QP1_3_1_Set1.pdf,c0cfac72bc436af35f806c53f124738568fe622bddb61bc615e3accf6ca00318,EXACT_SHA256,SHA-256 byte-for-byte identical content,Exact byte duplicate of ENGLISH_CORE 7/1-3-1_Eng_lish Core.pdf
1-3-2_Eng_lish Core.pdf,ENGLISH_CORE 6/1-3-2_Eng_lish Core.pdf,ccb1076d2d95f0a7c521ab626f16acd0c5d0c98fa3d2a69a62595d04a00e4e81,1-3-2_Eng_lish Core.pdf,Class 12/English (Core)/2026/Main Examination/Set 2/2026_Main_English_Core_QP1_3_2_Set2.pdf,ccb1076d2d95f0a7c521ab626f16acd0c5d0c98fa3d2a69a62595d04a00e4e81,EXACT_SHA256,SHA-256 byte-for-byte identical content,Exact byte duplicate of ENGLISH_CORE 7/1-3-2_Eng_lish Core.pdf
1-3-3_Eng_lish Core.pdf,ENGLISH_CORE 6/1-3-3_Eng_lish Core.pdf,511bfe23b374037adf4088e69b84253ef257006f1520ade940cb1ec5a2027700,1-3-3_Eng_lish Core.pdf,Class 12/English (Core)/2026/Main Examination/Set 3/2026_Main_English_Core_QP1_3_3_Set3.pdf,511bfe23b374037adf4088e69b84253ef257006f1520ade940cb1ec5a2027700,EXACT_SHA256,SHA-256 byte-for-byte identical content,Exact byte duplicate of ENGLISH_CORE 7/1-3-3_Eng_lish Core.pdf
1-4-1_Eng_lish Core.pdf,ENGLISH_CORE 6/1-4-1_Eng_lish Core.pdf,8e5e992033a876ba8fa4886aff87da08781e532fe7c77bacf7f20081e87f3fa7,1-4-1_Eng_lish Core.pdf,Class 12/English (Core)/2026/Main Examination/Set 1/2026_Main_English_Core_QP1_4_1_Set1.pdf,8e5e992033a876ba8fa4886aff87da08781e532fe7c77bacf7f20081e87f3fa7,EXACT_SHA256,SHA-256 byte-for-byte identical content,Exact byte duplicate of ENGLISH_CORE 7/1-4-1_Eng_lish Core.pdf
1-4-2_Eng_lish Core.pdf,ENGLISH_CORE 6/1-4-2_Eng_lish Core.pdf,3c37324eca119373b1820399e63b24903d626acbda07707a58bd268913253414,1-4-2_Eng_lish Core.pdf,Class 12/English (Core)/2026/Main Examination/Set 2/2026_Main_English_Core_QP1_4_2_Set2.pdf,3c37324eca119373b1820399e63b24903d626acbda07707a58bd268913253414,EXACT_SHA256,SHA-256 byte-for-byte identical content,Exact byte duplicate of ENGLISH_CORE 7/1-4-2_Eng_lish Core.pdf
1-4-3_Eng_lish Core.pdf,ENGLISH_CORE 6/1-4-3_Eng_lish Core.pdf,abacb71f179b64b2093b8a434ad0626001290417123b35b6fd5821bc5ab5190e,1-4-3_Eng_lish Core.pdf,Class 12/English (Core)/2026/Main Examination/Set 3/2026_Main_English_Core_QP1_4_3_Set3.pdf,abacb71f179b64b2093b8a434ad0626001290417123b35b6fd5821bc5ab5190e,EXACT_SHA256,SHA-256 byte-for-byte identical content,Exact byte duplicate of ENGLISH_CORE 7/1-4-3_Eng_lish Core.pdf
1-5-1_Eng_lish Core.pdf,ENGLISH_CORE 6/1-5-1_Eng_lish Core.pdf,6fc3392c6dc25682e0357615563be4c7dd2bee7329304fad88b751513e317508,1-5-1_Eng_lish Core.pdf,Class 12/English (Core)/2026/Main Examination/Set 1/2026_Main_English_Core_QP1_5_1_Set1.pdf,6fc3392c6dc25682e0357615563be4c7dd2bee7329304fad88b751513e317508,EXACT_SHA256,SHA-256 byte-for-byte identical content,Exact byte duplicate of ENGLISH_CORE 7/1-5-1_Eng_lish Core.pdf
1-5-2_Eng_lish Core.pdf,ENGLISH_CORE 6/1-5-2_Eng_lish Core.pdf,aceb06b37eb58eefe4c1569cebf0ba973aae55d32d30a09ad5a2b1211b6be005,1-5-2_Eng_lish Core.pdf,Class 12/English (Core)/2026/Main Examination/Set 2/2026_Main_English_Core_QP1_5_2_Set2.pdf,aceb06b37eb58eefe4c1569cebf0ba973aae55d32d30a09ad5a2b1211b6be005,EXACT_SHA256,SHA-256 byte-for-byte identical content,Exact byte duplicate of ENGLISH_CORE 7/1-5-2_Eng_lish Core.pdf
1-5-3_Eng_lish Core.pdf,ENGLISH_CORE 6/1-5-3_Eng_lish Core.pdf,976c2a0080582f78e2c0a4cf1dbbdb64f167eef6ebd4535223433a72cefe5f23,1-5-3_Eng_lish Core.pdf,Class 12/English (Core)/2026/Main Examination/Set 3/2026_Main_English_Core_QP1_5_3_Set3.pdf,976c2a0080582f78e2c0a4cf1dbbdb64f167eef6ebd4535223433a72cefe5f23,EXACT_SHA256,SHA-256 byte-for-byte identical content,Exact byte duplicate of ENGLISH_CORE 7/1-5-3_Eng_lish Core.pdf
2301-1_1-1-1_English (Core).pdf,ENGLISH_CORE 6/2301-1_1-1-1_English (Core).pdf,1ef936ecc13719d4c3a1b07033fd52836d06dde9ac51dff96e13f9d2d8d97027,2301-1_1-1-1_English (Core).pdf,Class 12/English (Core)/2026/Main Examination/Set 1/2026_Main_English_Core_QP1_1_1_Set1.pdf,1ef936ecc13719d4c3a1b07033fd52836d06dde9ac51dff96e13f9d2d8d97027,EXACT_SHA256,SHA-256 byte-for-byte identical content,Exact byte duplicate of ENGLISH_CORE 7/2301-1_1-1-1_English (Core).pdf
2301-2_1-1-2_English (Core).pdf,ENGLISH_CORE 6/2301-2_1-1-2_English (Core).pdf,00aee93833aec219b857461f5e4cd0ecac9a5308aeea37c03f8990909b8ea84c,2301-2_1-1-2_English (Core).pdf,Class 12/English (Core)/2026/Main Examination/Set 2/2026_Main_English_Core_QP1_1_2_Set2.pdf,00aee93833aec219b857461f5e4cd0ecac9a5308aeea37c03f8990909b8ea84c,EXACT_SHA256,SHA-256 byte-for-byte identical content,Exact byte duplicate of ENGLISH_CORE 7/2301-2_1-1-2_English (Core).pdf
2301-3_1-1-3_English (Core).pdf,ENGLISH_CORE 6/2301-3_1-1-3_English (Core).pdf,9aaf75cc8cb825668eea0c8860b053af65b845e3b0a9c3b97244ccfd733e571a,2301-3_1-1-3_English (Core).pdf,Class 12/English (Core)/2026/Main Examination/Set 3/2026_Main_English_Core_QP1_1_3_Set3.pdf,9aaf75cc8cb825668eea0c8860b053af65b845e3b0a9c3b97244ccfd733e571a,EXACT_SHA256,SHA-256 byte-for-byte identical content,Exact byte duplicate of ENGLISH_CORE 7/2301-3_1-1-3_English (Core).pdf
2302-1_1-2-1_English (Core).pdf,ENGLISH_CORE 6/2302-1_1-2-1_English (Core).pdf,353be58610eb7aea1d935498f47647a581de0ba52832c82f0a4fe2764e6e83c5,2302-1_1-2-1_English (Core).pdf,Class 12/English (Core)/2026/Main Examination/Set 1/2026_Main_English_Core_QP1_2_1_Set1.pdf,353be58610eb7aea1d935498f47647a581de0ba52832c82f0a4fe2764e6e83c5,EXACT_SHA256,SHA-256 byte-for-byte identical content,Exact byte duplicate of ENGLISH_CORE 7/2302-1_1-2-1_English (Core).pdf
2302-2_1-2-2_English (Core).pdf,ENGLISH_CORE 6/2302-2_1-2-2_English (Core).pdf,5b638cc11b2691f96d8699786ac49d83b66afe001c6655c004cd6ba2bc5a864f,2302-2_1-2-2_English (Core).pdf,Class 12/English (Core)/2026/Main Examination/Set 2/2026_Main_English_Core_QP1_2_2_Set2.pdf,5b638cc11b2691f96d8699786ac49d83b66afe001c6655c004cd6ba2bc5a864f,EXACT_SHA256,SHA-256 byte-for-byte identical content,Exact byte duplicate of ENGLISH_CORE 7/2302-2_1-2-2_English (Core).pdf
2302-3_1-2-3_English (Core).pdf,ENGLISH_CORE 6/2302-3_1-2-3_English (Core).pdf,43a2db7add8b38fc94c1fbd081d80d3607aa75b4735659644c7cf920c4e6049d,2302-3_1-2-3_English (Core).pdf,Class 12/English (Core)/2026/Main Examination/Set 3/2026_Main_English_Core_QP1_2_3_Set3.pdf,43a2db7add8b38fc94c1fbd081d80d3607aa75b4735659644c7cf920c4e6049d,EXACT_SHA256,SHA-256 byte-for-byte identical content,Exact byte duplicate of ENGLISH_CORE 7/2302-3_1-2-3_English (Core).pdf
Electronics_Hardware 2.pdf,Electronics_Hardware 2.pdf,72755f6eea4821204bb8690722b963ba9f70ee1f0cf0a645afc784ad915a623d,Electronics_Hardware.pdf,Class 12/Electronics and Hardware/2026/Main Examination/Set 4/2026_Main_Electronics_and_Hardware_QPSET_Set4.pdf,72755f6eea4821204bb8690722b963ba9f70ee1f0cf0a645afc784ad915a623d,EXACT_SHA256,SHA-256 byte-for-byte identical content,Exact byte duplicate of Electronics_Hardware.pdf
English_Elective 3.pdf,English_Elective 3.pdf,2ebfa9ca9cd415506108b21eb5a9b044112035579db9e1060c9b02c1d0915581,English_Elective.pdf,Class 12/English (Elective)/2025/Supplementary Examination/Set 4/2025_Supplementary_English_Elective_QP28_Set4.pdf,2ebfa9ca9cd415506108b21eb5a9b044112035579db9e1060c9b02c1d0915581,EXACT_SHA256,SHA-256 byte-for-byte identical content,Exact byte duplicate of English_Elective.pdf
English_Elective 4.pdf,English_Elective 4.pdf,98119b7e90a1d29d0549a599b912d7eb93c72e97d275278ff13777a77b199185,English_Elective 2.pdf,Class 12/English (Elective)/2026/Main Examination/Set 4/2026_Main_English_Elective_QP666_Set4.pdf,98119b7e90a1d29d0549a599b912d7eb93c72e97d275278ff13777a77b199185,EXACT_SHA256,SHA-256 byte-for-byte identical content,Exact byte duplicate of English_Elective 2.pdf
English_Elective 5.pdf,English_Elective 5.pdf,98119b7e90a1d29d0549a599b912d7eb93c72e97d275278ff13777a77b199185,English_Elective 2.pdf,Class 12/English (Elective)/2026/Main Examination/Set 4/2026_Main_English_Elective_QP666_Set4.pdf,98119b7e90a1d29d0549a599b912d7eb93c72e97d275278ff13777a77b199185,EXACT_SHA256,SHA-256 byte-for-byte identical content,Exact byte duplicate of English_Elective 2.pdf
2-6-1_English language and Literature.pdf,English_language_and_Literature 2/2-6-1_English language and Literature.pdf,4e919be67e500e5069b998065a5280b192c82ba23c0f0dff832521654bfd9163,2-6-1_English language and Literature.pdf,Class 10/English (Language and Literature)/2022/Compartment Examination/Set 1/2022_Compartment_English_Language_and_Literature_QP2_6_1_Set1.pdf,4e919be67e500e5069b998065a5280b192c82ba23c0f0dff832521654bfd9163,EXACT_SHA256,SHA-256 byte-for-byte identical content,Exact byte duplicate of English_language_and_Literature/2-6-1_English language and Literature.pdf
2-6-2_English language and Literature.pdf,English_language_and_Literature 2/2-6-2_English language and Literature.pdf,80bc169e9a2f9f8c50f99f853dff51930b90400a058c549a94b34836137eb1b5,2-6-2_English language and Literature.pdf,Class 10/English (Language and Literature)/2022/Compartment Examination/Set 2/2022_Compartment_English_Language_and_Literature_QP2_6_2_Set2.pdf,80bc169e9a2f9f8c50f99f853dff51930b90400a058c549a94b34836137eb1b5,EXACT_SHA256,SHA-256 byte-for-byte identical content,Exact byte duplicate of English_language_and_Literature/2-6-2_English language and Literature.pdf
2-6-3_English language and Literature.pdf,English_language_and_Literature 2/2-6-3_English language and Literature.pdf,9dec2fd28a344e11134cba23926de0c6c2bef53770b62a90b6c35779d4e21de1,2-6-3_English language and Literature.pdf,Class 10/English (Language and Literature)/2022/Compartment Examination/Set 3/2022_Compartment_English_Language_and_Literature_QP2_6_3_Set3.pdf,9dec2fd28a344e11134cba23926de0c6c2bef53770b62a90b6c35779d4e21de1,EXACT_SHA256,SHA-256 byte-for-byte identical content,Exact byte duplicate of English_language_and_Literature/2-6-3_English language and Literature.pdf
Information_Technology 2.pdf,Information_Technology 2.pdf,34777bd2a7f270ef55fbf551b4f117689cc985bda52cb6288163ec7084b5650b,Information_Technology.pdf,Class 10/Information Technology/2023/Compartment Examination/Set 4/2023_Compartment_Information_Technology_QP89_Set4.pdf,34777bd2a7f270ef55fbf551b4f117689cc985bda52cb6288163ec7084b5650b,EXACT_SHA256,SHA-256 byte-for-byte identical content,Exact byte duplicate of Information_Technology.pdf
Information_Technology 4.pdf,Information_Technology 4.pdf,fea7907e6b5045c6e53f1911e1b472cbe3baf8c86594b6a1fe1693fb4f2146b8,Information_Technology 3.pdf,Class 12/Information Technology/2023/Compartment Examination/Set 4/2023_Compartment_Information_Technology_QP326_Set4.pdf,fea7907e6b5045c6e53f1911e1b472cbe3baf8c86594b6a1fe1693fb4f2146b8,EXACT_SHA256,SHA-256 byte-for-byte identical content,Exact byte duplicate of Information_Technology 3.pdf
Information_Technology 6.pdf,Information_Technology 6.pdf,8cd4433d9f1c96b86efae55f2b5eb1f716c4ead0b88f5191e71c5157b12c2fe3,Information_Technology 12.pdf,Class 12/Information Technology/2025/Supplementary Examination/Set 4/2025_Supplementary_Information_Technology_QP326_Set4.pdf,8cd4433d9f1c96b86efae55f2b5eb1f716c4ead0b88f5191e71c5157b12c2fe3,EXACT_SHA256,SHA-256 byte-for-byte identical content,Exact byte duplicate of Information_Technology 12.pdf
Information_Technology 8.pdf,Information_Technology 8.pdf,8cd4433d9f1c96b86efae55f2b5eb1f716c4ead0b88f5191e71c5157b12c2fe3,Information_Technology 12.pdf,Class 12/Information Technology/2025/Supplementary Examination/Set 4/2025_Supplementary_Information_Technology_QP326_Set4.pdf,8cd4433d9f1c96b86efae55f2b5eb1f716c4ead0b88f5191e71c5157b12c2fe3,EXACT_SHA256,SHA-256 byte-for-byte identical content,Exact byte duplicate of Information_Technology 12.pdf
Information_Technology 9.pdf,Information_Technology 9.pdf,b2ddc057f7e8a02e8056d1197717e7423ccc04aff4d525691ad5f4977b0807da,Information_Technology 10.pdf,Class 10/Information Technology/2026/Main Examination/Set 4/2026_Main_Information_Technology_QP666_Set4.pdf,b2ddc057f7e8a02e8056d1197717e7423ccc04aff4d525691ad5f4977b0807da,EXACT_SHA256,SHA-256 byte-for-byte identical content,Exact byte duplicate of Information_Technology 10.pdf
Typography_Computer 3.pdf,Typography_Computer 3.pdf,8025a49d41d60fa1c41f13031754de3a012dbd222452372921397dc0a36c8729,Typography_Computer 2.pdf,Class 12/Typography and Computer Applications/2026/Main Examination/Set 4/2026_Main_Typography_and_Computer_Applications_QP341_Set4.pdf,8025a49d41d60fa1c41f13031754de3a012dbd222452372921397dc0a36c8729,EXACT_SHA256,SHA-256 byte-for-byte identical content,Exact byte duplicate of Typography_Computer 2.pdf
Typography_Computer 4.pdf,Typography_Computer 4.pdf,8025a49d41d60fa1c41f13031754de3a012dbd222452372921397dc0a36c8729,Typography_Computer 2.pdf,Class 12/Typography and Computer Applications/2026/Main Examination/Set 4/2026_Main_Typography_and_Computer_Applications_QP341_Set4.pdf,8025a49d41d60fa1c41f13031754de3a012dbd222452372921397dc0a36c8729,EXACT_SHA256,SHA-256 byte-for-byte identical content,Exact byte duplicate of Typography_Computer 2.pdf
Typography_Computer 5.pdf,Typography_Computer 5.pdf,8025a49d41d60fa1c41f13031754de3a012dbd222452372921397dc0a36c8729,Typography_Computer 2.pdf,Class 12/Typography and Computer Applications/2026/Main Examination/Set 4/2026_Main_Typography_and_Computer_Applications_QP341_Set4.pdf,8025a49d41d60fa1c41f13031754de3a012dbd222452372921397dc0a36c8729,EXACT_SHA256,SHA-256 byte-for-byte identical content,Exact byte duplicate of Typography_Computer 2.pdf
WEB_APPLICATIONS 3.pdf,WEB_APPLICATIONS 3.pdf,f19855f7a8591de531c9512e275d4f144394b7e253b7f0604e31e1de8321ca55,WEB_APPLICATIONS 2.pdf,Class 12/Web Applications/2025/Supplementary Examination/Set 4/2025_Supplementary_Web_Applications_QP327_Set4.pdf,f19855f7a8591de531c9512e275d4f144394b7e253b7f0604e31e1de8321ca55,EXACT_SHA256,SHA-256 byte-for-byte identical content,Exact byte duplicate of WEB_APPLICATIONS 2.pdf
